array,horizon,xgboost_mean_skill_vs_convex,xgboost_std_skill_vs_convex,xgboost_n_seeds,lstm_mean_skill_vs_convex,lstm_std_skill_vs_convex,lstm_n_seeds,cnn_lstm_mean_skill_vs_convex,cnn_lstm_std_skill_vs_convex,cnn_lstm_n_seeds,lstm_residual_mean_skill_vs_convex,lstm_residual_std_skill_vs_convex,lstm_residual_n_seeds,cnn_lstm_residual_mean_skill_vs_convex,cnn_lstm_residual_std_skill_vs_convex,cnn_lstm_residual_n_seeds
array11,1,0.1967092270065865,0.002288895186766866,5,0.193814595473984,0.002119792548013925,5,0.1944760884026988,0.005779475553063666,5,0.16825460630983097,0.005668681323511135,5,0.16392531026982077,0.006077380778026778,5
array11,3,0.2761417680414967,0.002912067527974808,5,0.27215819194007285,0.004234364527546073,5,0.2646341712367639,0.003196913947958955,5,0.2461566920086986,0.0066194786171880435,5,0.233909284014242,0.0032193045218176677,5
array11,6,0.1947101050693429,0.0018841717277303129,5,0.21044036971701913,0.005520977517406564,5,0.2016927754804147,0.004666677112882445,5,0.17718519990879883,0.008720855538047457,5,0.1576370939118977,0.010263831739663408,5
array12,1,0.18900338920896764,0.002293685274007386,5,0.19029947447565054,0.001520927890654708,5,0.1892898920887917,0.0035416105768267597,5,0.16270330253909598,0.007117429658945348,5,0.16217705939872107,0.004708393097037756,5
array12,3,0.274953432363522,0.000697513268713898,5,0.2751391634287813,0.004589827697754312,5,0.2671424952269566,0.0061332657729191165,5,0.23397652447591838,0.008599105955261399,5,0.23972937182451837,0.0033729334127829665,5
array12,6,0.20017759870944457,0.0026526299344966178,5,0.21504883219420204,0.003722845446432849,5,0.2013507849299732,0.006263724140453531,5,0.18791827777232034,0.00667439551841851,5,0.17282592063794386,0.0023160421246838175,5
array17,1,0.11902492717905691,0.0022455801280568868,5,0.11898737857916845,0.002200669935822022,5,0.11679476988877006,0.004880118887223221,5,0.08974484977596478,0.00329758294930321,5,0.08490483973854693,0.004628140490630413,5
array17,3,0.18282202939820313,0.0012156994400545607,5,0.18061548949588163,0.004647599988059534,5,0.17634259221897353,0.0051911975354573085,5,0.15628444843272302,0.007914758530371028,5,0.138939852929496,0.007650634356798223,5
array17,6,0.13021712019696233,0.0027013026655942412,5,0.1541534462530731,0.0060938893413862265,5,0.14911124314010288,0.008748737089509758,5,0.12492285641069364,0.01169239497102913,5,0.10313180082758562,0.016843373340642172,5
