array,horizon,xgboost_mean_skill_vs_convex,xgboost_std_skill_vs_convex,lstm_mean_skill_vs_convex,lstm_std_skill_vs_convex,cnn_lstm_mean_skill_vs_convex,cnn_lstm_std_skill_vs_convex,lstm_residual_mean_skill_vs_convex,lstm_residual_std_skill_vs_convex,cnn_lstm_residual_mean_skill_vs_convex,cnn_lstm_residual_std_skill_vs_convex,dm_lstm_vs_xgboost_better,dm_lstm_vs_xgboost_hln_stat,dm_lstm_vs_xgboost_p_holm,dm_lstm_vs_xgboost_significant,dm_cnn_lstm_vs_lstm_better,dm_cnn_lstm_vs_lstm_hln_stat,dm_cnn_lstm_vs_lstm_p_holm,dm_cnn_lstm_vs_lstm_significant,dm_lstm_residual_vs_lstm_better,dm_lstm_residual_vs_lstm_hln_stat,dm_lstm_residual_vs_lstm_p_holm,dm_lstm_residual_vs_lstm_significant
array11,1,0.1967092270065865,0.002288895186766866,0.193814595473984,0.002119792548013925,0.1944760884026988,0.005779475553063666,0.16825460630983097,0.005668681323511135,0.16392531026982077,0.006077380778026778,xgboost,-0.6571074592237135,1.0,False,cnn_lstm,1.6358378036407342,0.4078352929368916,False,lstm,-2.4639256237703533,0.0689387275516701,False
array11,3,0.2761417680414967,0.002912067527974808,0.27215819194007285,0.004234364527546073,0.2646341712367639,0.003196913947958955,0.2461566920086986,0.0066194786171880435,0.233909284014242,0.0032193045218176677,lstm,0.6720951753076507,1.0,False,lstm,-1.6941989548355443,0.36124803381793563,False,lstm,-3.445673039037441,0.004032039432340235,True
array11,6,0.1947101050693429,0.0018841717277303129,0.21044036971701913,0.005520977517406564,0.2016927754804147,0.004666677112882445,0.17718519990879883,0.008720855538047457,0.1576370939118977,0.010263831739663408,lstm,2.5633528961395347,0.0728425788603411,False,lstm,-0.6732962673258309,1.0,False,lstm,-3.451225851776255,0.005643312391598972,True
array12,1,0.18900338920896764,0.002293685274007386,0.19029947447565054,0.001520927890654708,0.1892898920887917,0.0035416105768267597,0.16270330253909598,0.007117429658945348,0.16217705939872107,0.004708393097037756,xgboost,-0.09137108911181532,1.0,False,cnn_lstm,0.9080196353714552,1.0,False,lstm,-2.8902536475098595,0.027102411577744,True
array12,3,0.274953432363522,0.000697513268713898,0.2751391634287813,0.004589827697754312,0.2671424952269566,0.0061332657729191165,0.23397652447591838,0.008599105955261399,0.23972937182451837,0.0033729334127829665,lstm,0.5364485707398845,1.0,False,lstm,-0.6574309099076683,1.0,False,lstm,-6.239824121698121,4.8770922257611464e-09,True
array12,6,0.20017759870944457,0.0026526299344966178,0.21504883219420204,0.003722845446432849,0.2013507849299732,0.006263724140453531,0.18791827777232034,0.00667439551841851,0.17282592063794386,0.0023160421246838175,lstm,2.6385559317991976,0.058527656169688566,False,lstm,-2.2970042994196884,0.13004667664962652,False,lstm,-2.0866902341484175,0.18492425004763616,False
array17,1,0.11902492717905691,0.0022455801280568868,0.11898737857916845,0.002200669935822022,0.11679476988877006,0.004880118887223221,0.08974484977596478,0.00329758294930321,0.08490483973854693,0.004628140490630413,xgboost,-0.451232233589457,1.0,False,cnn_lstm,0.6052118435819223,1.0,False,lstm,-2.89624566190225,0.0227926227914357,True
array17,3,0.18282202939820313,0.0012156994400545607,0.18061548949588163,0.004647599988059534,0.17634259221897353,0.0051911975354573085,0.15628444843272302,0.007914758530371028,0.138939852929496,0.007650634356798223,lstm,0.04869944798901974,1.0,False,lstm,-1.5408375123326994,0.7359114821770476,False,lstm,-1.5440920966462586,0.7359114821770476,False
array17,6,0.13021712019696233,0.0027013026655942412,0.1541534462530731,0.0060938893413862265,0.14911124314010288,0.008748737089509758,0.12492285641069364,0.01169239497102913,0.10313180082758562,0.016843373340642172,lstm,3.2554455481703974,0.011424050394231668,True,lstm,-0.6851082248123511,1.0,False,lstm,-1.8585308442711277,0.31586748831088207,False
