sky_class,model,n,nrmse_pct,skill_vs_convex
clear,xgboost,2225,5.44354956220266,0.43124323014271804
clear,lstm,2225,5.477235967729831,0.42772358345321804
clear,lstm_residual,2225,5.968724551579944,0.3763715279280344
partly_cloudy,xgboost,1221,11.662270514483424,0.056305658860370866
partly_cloudy,lstm,1221,11.676721995788714,0.055136265549527
partly_cloudy,lstm_residual,1221,11.827391913591153,0.04294427012003055
overcast,xgboost,239,16.181303534924474,0.387513726476296
overcast,lstm,239,15.40235923488703,0.4169979204154767
overcast,lstm_residual,239,15.852857598137703,0.3999458910075616
