array,horizon,convex_weight,rmse_persistence,rmse_climatology,rmse_convex,nrmse_persistence,nrmse_convex,mbe_persistence,mbe_convex,xgb_skill_vs_persistence,xgb_skill_vs_convex,n_samples,eval_split
array11,1,0.77,0.4276334338673651,0.6686018359055994,0.3995672830152412,8.552668677347302,7.991345660304823,-0.05946196006448049,-0.05554976774347667,0.25209377609425654,0.2000993625869727,3773,val
array11,3,0.25,0.9549743092306782,0.6686018359055994,0.6206391501044362,19.09948618461356,12.412783002088723,-0.3571657229527045,-0.12107715759764377,0.5264867089457106,0.2760073740094118,3762,val
array11,6,0.04,1.548107410244113,0.6686018359055994,0.6662199297531866,30.96214820488226,13.324398595063732,-0.9188240411340113,-0.07726327879151537,0.6521534958697559,0.19384464228889253,3756,val
array12,1,0.77,0.41411162300011906,0.6605195309024329,0.38611808662793445,8.119835745100374,7.570942875057538,-0.05513036441283471,-0.05297847287500714,0.24395387800032275,0.1896818784295955,3773,val
array12,3,0.29,0.898178454822618,0.6605195309024329,0.6039293416865187,17.611342251423885,11.841751797774878,-0.3303735787196747,-0.12820791050894897,0.5095801981759691,0.27469918432442675,3762,val
array12,6,0.05,1.4597612615356128,0.6605195309024329,0.6575859571170036,28.622769834031622,12.893842296411837,-0.8572180582167265,-0.0860451039917603,0.6388726337602553,0.20067271546774057,3756,val
array17,1,0.83,0.5070124133732071,0.9103664401049988,0.48175034354082497,8.047816085289002,7.646830849854365,-0.04685302283616994,-0.0278323746262186,0.16573321774880145,0.12209885658334141,3773,val
array17,3,0.5,0.9064612210321374,0.9103664401049988,0.72846059161522,14.388273349716467,11.562866533574923,-0.1670451501370379,-0.05097023259523512,0.34086373151134575,0.18342847244163085,3762,val
array17,6,0.31,1.1751790149156676,0.9103664401049988,0.82686276766219,18.653635157391548,13.124805835907779,-0.3122034716278331,-0.05171490332352149,0.38639996978850166,0.132141726558911,3756,val
